{"assets/circle_loader_animation.gif":["assets/circle_loader_animation.gif"],"assets/drawer_nav_header_logo.png":["assets/drawer_nav_header_logo.png"],"assets/notification_audio_player_thumb.png":["assets/notification_audio_player_thumb.png"],"assets/secure_app_switcher_bg_image.png":["assets/secure_app_switcher_bg_image.png"],"assets/secure_app_switcher_logo.png":["assets/secure_app_switcher_logo.png"],"assets/splash_bg_animated.gif":["assets/splash_bg_animated.gif"],"assets/splash_bg_static.png":["assets/splash_bg_static.png"],"assets/splash_logo.png":["assets/splash_logo.png"],"fonts/MaterialIconsOutlined.otf":["fonts/MaterialIconsOutlined.otf"],"packages/cupertino_icons/assets/CupertinoIcons.ttf":["packages/cupertino_icons/assets/CupertinoIcons.ttf"],"packages/flutter_inappwebview/assets/t_rex_runner/t-rex.css":["packages/flutter_inappwebview/assets/t_rex_runner/t-rex.css"],"packages/flutter_inappwebview/assets/t_rex_runner/t-rex.html":["packages/flutter_inappwebview/assets/t_rex_runner/t-rex.html"],"packages/flutter_inappwebview_web/assets/web/web_support.js":["packages/flutter_inappwebview_web/assets/web/web_support.js"]}